/* all solid icons from fontawesome */
INSERT INTO icons VALUES (1,'fas fa-address-book');
INSERT INTO icons VALUES (2,'fas fa-address-card');
INSERT INTO icons VALUES (3,'fas fa-adjust');
INSERT INTO icons VALUES (4,'fas fa-align-center');
INSERT INTO icons VALUES (5,'fas fa-align-justify');
INSERT INTO icons VALUES (6,'fas fa-align-left');
INSERT INTO icons VALUES (7,'fas fa-align-right');
INSERT INTO icons VALUES (8,'fas fa-allergies');
INSERT INTO icons VALUES (9,'fas fa-ambulance');
INSERT INTO icons VALUES (10,'fas fa-american-sign-language-interpreting');
INSERT INTO icons VALUES (11,'fas fa-anchor');
INSERT INTO icons VALUES (12,'fas fa-angle-double-down');
INSERT INTO icons VALUES (13,'fas fa-angle-double-left');
INSERT INTO icons VALUES (14,'fas fa-angle-double-right');
INSERT INTO icons VALUES (15,'fas fa-angle-double-up');
INSERT INTO icons VALUES (16,'fas fa-angle-down');
INSERT INTO icons VALUES (17,'fas fa-angle-left');
INSERT INTO icons VALUES (18,'fas fa-angle-right');
INSERT INTO icons VALUES (19,'fas fa-angle-up');
INSERT INTO icons VALUES (20,'fas fa-archive');
INSERT INTO icons VALUES (21,'fas fa-arrow-alt-circle-down');
INSERT INTO icons VALUES (22,'fas fa-arrow-alt-circle-left');
INSERT INTO icons VALUES (23,'fas fa-arrow-alt-circle-right');
INSERT INTO icons VALUES (24,'fas fa-arrow-alt-circle-up');
INSERT INTO icons VALUES (25,'fas fa-arrow-circle-down');
INSERT INTO icons VALUES (26,'fas fa-arrow-circle-left');
INSERT INTO icons VALUES (27,'fas fa-arrow-circle-right');
INSERT INTO icons VALUES (28,'fas fa-arrow-circle-up');
INSERT INTO icons VALUES (29,'fas fa-arrow-down');
INSERT INTO icons VALUES (30,'fas fa-arrow-left');
INSERT INTO icons VALUES (31,'fas fa-arrow-right');
INSERT INTO icons VALUES (32,'fas fa-arrow-up');
INSERT INTO icons VALUES (33,'fas fa-arrows-alt');
INSERT INTO icons VALUES (34,'fas fa-arrows-alt-h');
INSERT INTO icons VALUES (35,'fas fa-arrows-alt-v');
INSERT INTO icons VALUES (36,'fas fa-assistive-listening-systems');
INSERT INTO icons VALUES (37,'fas fa-asterisk');
INSERT INTO icons VALUES (38,'fas fa-at');
INSERT INTO icons VALUES (39,'fas fa-audio-description');
INSERT INTO icons VALUES (40,'fas fa-backward');
INSERT INTO icons VALUES (41,'fas fa-balance-scale');
INSERT INTO icons VALUES (42,'fas fa-ban');
INSERT INTO icons VALUES (43,'fas fa-band-aid');
INSERT INTO icons VALUES (44,'fas fa-barcode');
INSERT INTO icons VALUES (45,'fas fa-bars');
INSERT INTO icons VALUES (46,'fas fa-baseball-ball');
INSERT INTO icons VALUES (47,'fas fa-basketball-ball');
INSERT INTO icons VALUES (48,'fas fa-bath');
INSERT INTO icons VALUES (49,'fas fa-battery-empty');
INSERT INTO icons VALUES (50,'fas fa-battery-full');
INSERT INTO icons VALUES (51,'fas fa-battery-half');
INSERT INTO icons VALUES (52,'fas fa-battery-quarter');
INSERT INTO icons VALUES (53,'fas fa-battery-three-quarters');
INSERT INTO icons VALUES (54,'fas fa-bed');
INSERT INTO icons VALUES (55,'fas fa-beer');
INSERT INTO icons VALUES (56,'fas fa-bell');
INSERT INTO icons VALUES (57,'fas fa-bell-slash');
INSERT INTO icons VALUES (58,'fas fa-bicycle');
INSERT INTO icons VALUES (59,'fas fa-binoculars');
INSERT INTO icons VALUES (60,'fas fa-birthday-cake');
INSERT INTO icons VALUES (61,'fas fa-blind');
INSERT INTO icons VALUES (62,'fas fa-bold');
INSERT INTO icons VALUES (63,'fas fa-bolt');
INSERT INTO icons VALUES (64,'fas fa-bomb');
INSERT INTO icons VALUES (65,'fas fa-book');
INSERT INTO icons VALUES (66,'fas fa-bookmark');
INSERT INTO icons VALUES (67,'fas fa-bowling-ball');
INSERT INTO icons VALUES (68,'fas fa-box');
INSERT INTO icons VALUES (69,'fas fa-box-open');
INSERT INTO icons VALUES (70,'fas fa-boxes');
INSERT INTO icons VALUES (71,'fas fa-braille');
INSERT INTO icons VALUES (72,'fas fa-briefcase');
INSERT INTO icons VALUES (73,'fas fa-briefcase-medical');
INSERT INTO icons VALUES (74,'fas fa-bug');
INSERT INTO icons VALUES (75,'fas fa-building');
INSERT INTO icons VALUES (76,'fas fa-bullhorn');
INSERT INTO icons VALUES (77,'fas fa-bullseye');
INSERT INTO icons VALUES (78,'fas fa-burn');
INSERT INTO icons VALUES (79,'fas fa-bus');
INSERT INTO icons VALUES (80,'fas fa-calculator');
INSERT INTO icons VALUES (81,'fas fa-calendar');
INSERT INTO icons VALUES (82,'fas fa-calendar-alt');
INSERT INTO icons VALUES (83,'fas fa-calendar-check');
INSERT INTO icons VALUES (84,'fas fa-calendar-minus');
INSERT INTO icons VALUES (85,'fas fa-calendar-plus');
INSERT INTO icons VALUES (86,'fas fa-calendar-times');
INSERT INTO icons VALUES (87,'fas fa-camera');
INSERT INTO icons VALUES (88,'fas fa-camera-retro');
INSERT INTO icons VALUES (89,'fas fa-capsules');
INSERT INTO icons VALUES (90,'fas fa-car');
INSERT INTO icons VALUES (91,'fas fa-caret-down');
INSERT INTO icons VALUES (92,'fas fa-caret-left');
INSERT INTO icons VALUES (93,'fas fa-caret-right');
INSERT INTO icons VALUES (94,'fas fa-caret-square-down');
INSERT INTO icons VALUES (95,'fas fa-caret-square-left');
INSERT INTO icons VALUES (96,'fas fa-caret-square-right');
INSERT INTO icons VALUES (97,'fas fa-caret-square-up');
INSERT INTO icons VALUES (98,'fas fa-caret-up');
INSERT INTO icons VALUES (99,'fas fa-cart-arrow-down');
INSERT INTO icons VALUES (100,'fas fa-cart-plus');
INSERT INTO icons VALUES (101,'fas fa-certificate');
INSERT INTO icons VALUES (102,'fas fa-chart-area');
INSERT INTO icons VALUES (103,'fas fa-chart-bar');
INSERT INTO icons VALUES (104,'fas fa-chart-line');
INSERT INTO icons VALUES (105,'fas fa-chart-pie');
INSERT INTO icons VALUES (106,'fas fa-check');
INSERT INTO icons VALUES (107,'fas fa-check-circle');
INSERT INTO icons VALUES (108,'fas fa-check-square');
INSERT INTO icons VALUES (109,'fas fa-chess');
INSERT INTO icons VALUES (110,'fas fa-chess-bishop');
INSERT INTO icons VALUES (111,'fas fa-chess-board');
INSERT INTO icons VALUES (112,'fas fa-chess-king');
INSERT INTO icons VALUES (113,'fas fa-chess-knight');
INSERT INTO icons VALUES (114,'fas fa-chess-pawn');
INSERT INTO icons VALUES (115,'fas fa-chess-queen');
INSERT INTO icons VALUES (116,'fas fa-chess-rook');
INSERT INTO icons VALUES (117,'fas fa-chevron-circle-down');
INSERT INTO icons VALUES (118,'fas fa-chevron-circle-left');
INSERT INTO icons VALUES (119,'fas fa-chevron-circle-right');
INSERT INTO icons VALUES (120,'fas fa-chevron-circle-up');
INSERT INTO icons VALUES (121,'fas fa-chevron-down');
INSERT INTO icons VALUES (122,'fas fa-chevron-left');
INSERT INTO icons VALUES (123,'fas fa-chevron-right');
INSERT INTO icons VALUES (124,'fas fa-chevron-up');
INSERT INTO icons VALUES (125,'fas fa-child');
INSERT INTO icons VALUES (126,'fas fa-circle');
INSERT INTO icons VALUES (127,'fas fa-circle-notch');
INSERT INTO icons VALUES (128,'fas fa-clipboard');
INSERT INTO icons VALUES (129,'fas fa-clipboard-check');
INSERT INTO icons VALUES (130,'fas fa-clipboard-list');
INSERT INTO icons VALUES (131,'fas fa-clock');
INSERT INTO icons VALUES (132,'fas fa-clone');
INSERT INTO icons VALUES (133,'fas fa-closed-captioning');
INSERT INTO icons VALUES (134,'fas fa-cloud');
INSERT INTO icons VALUES (135,'fas fa-cloud-download-alt');
INSERT INTO icons VALUES (136,'fas fa-cloud-upload-alt');
INSERT INTO icons VALUES (137,'fas fa-code');
INSERT INTO icons VALUES (138,'fas fa-code-branch');
INSERT INTO icons VALUES (139,'fas fa-coffee');
INSERT INTO icons VALUES (140,'fas fa-cog');
INSERT INTO icons VALUES (141,'fas fa-cogs');
INSERT INTO icons VALUES (142,'fas fa-columns');
INSERT INTO icons VALUES (143,'fas fa-comment');
INSERT INTO icons VALUES (144,'fas fa-comment-alt');
INSERT INTO icons VALUES (145,'fas fa-comment-dots');
INSERT INTO icons VALUES (146,'fas fa-comment-slash');
INSERT INTO icons VALUES (147,'fas fa-comments');
INSERT INTO icons VALUES (148,'fas fa-compass');
INSERT INTO icons VALUES (149,'fas fa-compress');
INSERT INTO icons VALUES (150,'fas fa-copy');
INSERT INTO icons VALUES (151,'fas fa-copyright');
INSERT INTO icons VALUES (152,'fas fa-couch');
INSERT INTO icons VALUES (153,'fas fa-credit-card');
INSERT INTO icons VALUES (154,'fas fa-crop');
INSERT INTO icons VALUES (155,'fas fa-crosshairs');
INSERT INTO icons VALUES (156,'fas fa-cube');
INSERT INTO icons VALUES (157,'fas fa-cubes');
INSERT INTO icons VALUES (158,'fas fa-cut');
INSERT INTO icons VALUES (159,'fas fa-database');
INSERT INTO icons VALUES (160,'fas fa-deaf');
INSERT INTO icons VALUES (161,'fas fa-desktop');
INSERT INTO icons VALUES (162,'fas fa-diagnoses');
INSERT INTO icons VALUES (163,'fas fa-dna');
INSERT INTO icons VALUES (164,'fas fa-dollar-sign');
INSERT INTO icons VALUES (165,'fas fa-dolly');
INSERT INTO icons VALUES (166,'fas fa-dolly-flatbed');
INSERT INTO icons VALUES (167,'fas fa-donate');
INSERT INTO icons VALUES (168,'fas fa-dot-circle');
INSERT INTO icons VALUES (169,'fas fa-dove');
INSERT INTO icons VALUES (170,'fas fa-download');
INSERT INTO icons VALUES (171,'fas fa-edit');
INSERT INTO icons VALUES (172,'fas fa-eject');
INSERT INTO icons VALUES (173,'fas fa-ellipsis-h');
INSERT INTO icons VALUES (174,'fas fa-ellipsis-v');
INSERT INTO icons VALUES (175,'fas fa-envelope');
INSERT INTO icons VALUES (176,'fas fa-envelope-open');
INSERT INTO icons VALUES (177,'fas fa-envelope-square');
INSERT INTO icons VALUES (178,'fas fa-eraser');
INSERT INTO icons VALUES (179,'fas fa-euro-sign');
INSERT INTO icons VALUES (180,'fas fa-exchange-alt');
INSERT INTO icons VALUES (181,'fas fa-exclamation');
INSERT INTO icons VALUES (182,'fas fa-exclamation-circle');
INSERT INTO icons VALUES (183,'fas fa-exclamation-triangle');
INSERT INTO icons VALUES (184,'fas fa-expand');
INSERT INTO icons VALUES (185,'fas fa-expand-arrows-alt');
INSERT INTO icons VALUES (186,'fas fa-external-link-alt');
INSERT INTO icons VALUES (187,'fas fa-external-link-square-alt');
INSERT INTO icons VALUES (188,'fas fa-eye');
INSERT INTO icons VALUES (189,'fas fa-eye-dropper');
INSERT INTO icons VALUES (190,'fas fa-eye-slash');
INSERT INTO icons VALUES (191,'fas fa-fast-backward');
INSERT INTO icons VALUES (192,'fas fa-fast-forward');
INSERT INTO icons VALUES (193,'fas fa-fax');
INSERT INTO icons VALUES (194,'fas fa-female');
INSERT INTO icons VALUES (195,'fas fa-fighter-jet');
INSERT INTO icons VALUES (196,'fas fa-file');
INSERT INTO icons VALUES (197,'fas fa-file-alt');
INSERT INTO icons VALUES (198,'fas fa-file-archive');
INSERT INTO icons VALUES (199,'fas fa-file-audio');
INSERT INTO icons VALUES (200,'fas fa-file-code');
INSERT INTO icons VALUES (201,'fas fa-file-excel');
INSERT INTO icons VALUES (202,'fas fa-file-image');
INSERT INTO icons VALUES (203,'fas fa-file-medical');
INSERT INTO icons VALUES (204,'fas fa-file-medical-alt');
INSERT INTO icons VALUES (205,'fas fa-file-pdf');
INSERT INTO icons VALUES (206,'fas fa-file-powerpoint');
INSERT INTO icons VALUES (207,'fas fa-file-video');
INSERT INTO icons VALUES (208,'fas fa-file-word');
INSERT INTO icons VALUES (209,'fas fa-film');
INSERT INTO icons VALUES (210,'fas fa-filter');
INSERT INTO icons VALUES (211,'fas fa-fire');
INSERT INTO icons VALUES (212,'fas fa-fire-extinguisher');
INSERT INTO icons VALUES (213,'fas fa-first-aid');
INSERT INTO icons VALUES (214,'fas fa-flag');
INSERT INTO icons VALUES (215,'fas fa-flag-checkered');
INSERT INTO icons VALUES (216,'fas fa-flask');
INSERT INTO icons VALUES (217,'fas fa-folder');
INSERT INTO icons VALUES (218,'fas fa-folder-open');
INSERT INTO icons VALUES (219,'fas fa-font');
INSERT INTO icons VALUES (220,'fas fa-font-awesome-logo-full');
INSERT INTO icons VALUES (221,'fas fa-football-ball');
INSERT INTO icons VALUES (222,'fas fa-forward');
INSERT INTO icons VALUES (223,'fas fa-frown');
INSERT INTO icons VALUES (224,'fas fa-futbol');
INSERT INTO icons VALUES (225,'fas fa-gamepad');
INSERT INTO icons VALUES (226,'fas fa-gavel');
INSERT INTO icons VALUES (227,'fas fa-gem');
INSERT INTO icons VALUES (228,'fas fa-genderless');
INSERT INTO icons VALUES (229,'fas fa-gift');
INSERT INTO icons VALUES (230,'fas fa-glass-martini');
INSERT INTO icons VALUES (231,'fas fa-globe');
INSERT INTO icons VALUES (232,'fas fa-golf-ball');
INSERT INTO icons VALUES (233,'fas fa-graduation-cap');
INSERT INTO icons VALUES (234,'fas fa-h-square');
INSERT INTO icons VALUES (235,'fas fa-hand-holding');
INSERT INTO icons VALUES (236,'fas fa-hand-holding-heart');
INSERT INTO icons VALUES (237,'fas fa-hand-holding-usd');
INSERT INTO icons VALUES (238,'fas fa-hand-lizard');
INSERT INTO icons VALUES (239,'fas fa-hand-paper');
INSERT INTO icons VALUES (240,'fas fa-hand-peace');
INSERT INTO icons VALUES (241,'fas fa-hand-point-down');
INSERT INTO icons VALUES (242,'fas fa-hand-point-left');
INSERT INTO icons VALUES (243,'fas fa-hand-point-right');
INSERT INTO icons VALUES (244,'fas fa-hand-point-up');
INSERT INTO icons VALUES (245,'fas fa-hand-pointer');
INSERT INTO icons VALUES (246,'fas fa-hand-rock');
INSERT INTO icons VALUES (247,'fas fa-hand-scissors');
INSERT INTO icons VALUES (248,'fas fa-hand-spock');
INSERT INTO icons VALUES (249,'fas fa-hands');
INSERT INTO icons VALUES (250,'fas fa-hands-helping');
INSERT INTO icons VALUES (251,'fas fa-handshake');
INSERT INTO icons VALUES (252,'fas fa-hashtag');
INSERT INTO icons VALUES (253,'fas fa-hdd');
INSERT INTO icons VALUES (254,'fas fa-heading');
INSERT INTO icons VALUES (255,'fas fa-headphones');
INSERT INTO icons VALUES (256,'fas fa-heart');
INSERT INTO icons VALUES (257,'fas fa-heartbeat');
INSERT INTO icons VALUES (258,'fas fa-history');
INSERT INTO icons VALUES (259,'fas fa-hockey-puck');
INSERT INTO icons VALUES (260,'fas fa-home');
INSERT INTO icons VALUES (261,'fas fa-hospital');
INSERT INTO icons VALUES (262,'fas fa-hospital-alt');
INSERT INTO icons VALUES (263,'fas fa-hospital-symbol');
INSERT INTO icons VALUES (264,'fas fa-hourglass');
INSERT INTO icons VALUES (265,'fas fa-hourglass-end');
INSERT INTO icons VALUES (266,'fas fa-hourglass-half');
INSERT INTO icons VALUES (267,'fas fa-hourglass-start');
INSERT INTO icons VALUES (268,'fas fa-i-cursor');
INSERT INTO icons VALUES (269,'fas fa-id-badge');
INSERT INTO icons VALUES (270,'fas fa-id-card');
INSERT INTO icons VALUES (271,'fas fa-id-card-alt');
INSERT INTO icons VALUES (272,'fas fa-image');
INSERT INTO icons VALUES (273,'fas fa-images');
INSERT INTO icons VALUES (274,'fas fa-inbox');
INSERT INTO icons VALUES (275,'fas fa-indent');
INSERT INTO icons VALUES (276,'fas fa-industry');
INSERT INTO icons VALUES (277,'fas fa-info');
INSERT INTO icons VALUES (278,'fas fa-info-circle');
INSERT INTO icons VALUES (279,'fas fa-italic');
INSERT INTO icons VALUES (280,'fas fa-key');
INSERT INTO icons VALUES (281,'fas fa-keyboard');
INSERT INTO icons VALUES (282,'fas fa-language');
INSERT INTO icons VALUES (283,'fas fa-laptop');
INSERT INTO icons VALUES (284,'fas fa-leaf');
INSERT INTO icons VALUES (285,'fas fa-lemon');
INSERT INTO icons VALUES (286,'fas fa-level-down-alt');
INSERT INTO icons VALUES (287,'fas fa-level-up-alt');
INSERT INTO icons VALUES (288,'fas fa-life-ring');
INSERT INTO icons VALUES (289,'fas fa-lightbulb');
INSERT INTO icons VALUES (290,'fas fa-link');
INSERT INTO icons VALUES (291,'fas fa-lira-sign');
INSERT INTO icons VALUES (292,'fas fa-list');
INSERT INTO icons VALUES (293,'fas fa-list-alt');
INSERT INTO icons VALUES (294,'fas fa-list-ol');
INSERT INTO icons VALUES (295,'fas fa-list-ul');
INSERT INTO icons VALUES (296,'fas fa-location-arrow');
INSERT INTO icons VALUES (297,'fas fa-lock');
INSERT INTO icons VALUES (298,'fas fa-lock-open');
INSERT INTO icons VALUES (299,'fas fa-long-arrow-alt-down');
INSERT INTO icons VALUES (300,'fas fa-long-arrow-alt-left');
INSERT INTO icons VALUES (301,'fas fa-long-arrow-alt-right');
INSERT INTO icons VALUES (302,'fas fa-long-arrow-alt-up');
INSERT INTO icons VALUES (303,'fas fa-low-vision');
INSERT INTO icons VALUES (304,'fas fa-magic');
INSERT INTO icons VALUES (305,'fas fa-magnet');
INSERT INTO icons VALUES (306,'fas fa-male');
INSERT INTO icons VALUES (307,'fas fa-map');
INSERT INTO icons VALUES (308,'fas fa-map-marker');
INSERT INTO icons VALUES (309,'fas fa-map-marker-alt');
INSERT INTO icons VALUES (310,'fas fa-map-pin');
INSERT INTO icons VALUES (311,'fas fa-map-signs');
INSERT INTO icons VALUES (312,'fas fa-mars');
INSERT INTO icons VALUES (313,'fas fa-mars-double');
INSERT INTO icons VALUES (314,'fas fa-mars-stroke');
INSERT INTO icons VALUES (315,'fas fa-mars-stroke-h');
INSERT INTO icons VALUES (316,'fas fa-mars-stroke-v');
INSERT INTO icons VALUES (317,'fas fa-medkit');
INSERT INTO icons VALUES (318,'fas fa-meh');
INSERT INTO icons VALUES (319,'fas fa-mercury');
INSERT INTO icons VALUES (320,'fas fa-microchip');
INSERT INTO icons VALUES (321,'fas fa-microphone');
INSERT INTO icons VALUES (322,'fas fa-microphone-slash');
INSERT INTO icons VALUES (323,'fas fa-minus');
INSERT INTO icons VALUES (324,'fas fa-minus-circle');
INSERT INTO icons VALUES (325,'fas fa-minus-square');
INSERT INTO icons VALUES (326,'fas fa-mobile');
INSERT INTO icons VALUES (327,'fas fa-mobile-alt');
INSERT INTO icons VALUES (328,'fas fa-money-bill-alt');
INSERT INTO icons VALUES (329,'fas fa-moon');
INSERT INTO icons VALUES (330,'fas fa-motorcycle');
INSERT INTO icons VALUES (331,'fas fa-mouse-pointer');
INSERT INTO icons VALUES (332,'fas fa-music');
INSERT INTO icons VALUES (333,'fas fa-neuter');
INSERT INTO icons VALUES (334,'fas fa-newspaper');
INSERT INTO icons VALUES (335,'fas fa-notes-medical');
INSERT INTO icons VALUES (336,'fas fa-object-group');
INSERT INTO icons VALUES (337,'fas fa-object-ungroup');
INSERT INTO icons VALUES (338,'fas fa-outdent');
INSERT INTO icons VALUES (339,'fas fa-paint-brush');
INSERT INTO icons VALUES (340,'fas fa-pallet');
INSERT INTO icons VALUES (341,'fas fa-paper-plane');
INSERT INTO icons VALUES (342,'fas fa-paperclip');
INSERT INTO icons VALUES (343,'fas fa-parachute-box');
INSERT INTO icons VALUES (344,'fas fa-paragraph');
INSERT INTO icons VALUES (345,'fas fa-paste');
INSERT INTO icons VALUES (346,'fas fa-pause');
INSERT INTO icons VALUES (347,'fas fa-pause-circle');
INSERT INTO icons VALUES (348,'fas fa-paw');
INSERT INTO icons VALUES (349,'fas fa-pen-square');
INSERT INTO icons VALUES (350,'fas fa-pencil-alt');
INSERT INTO icons VALUES (351,'fas fa-people-carry');
INSERT INTO icons VALUES (352,'fas fa-percent');
INSERT INTO icons VALUES (353,'fas fa-phone');
INSERT INTO icons VALUES (354,'fas fa-phone-slash');
INSERT INTO icons VALUES (355,'fas fa-phone-square');
INSERT INTO icons VALUES (356,'fas fa-phone-volume');
INSERT INTO icons VALUES (357,'fas fa-piggy-bank');
INSERT INTO icons VALUES (358,'fas fa-pills');
INSERT INTO icons VALUES (359,'fas fa-plane');
INSERT INTO icons VALUES (360,'fas fa-play');
INSERT INTO icons VALUES (361,'fas fa-play-circle');
INSERT INTO icons VALUES (362,'fas fa-plug');
INSERT INTO icons VALUES (363,'fas fa-plus');
INSERT INTO icons VALUES (364,'fas fa-plus-circle');
INSERT INTO icons VALUES (365,'fas fa-plus-square');
INSERT INTO icons VALUES (366,'fas fa-podcast');
INSERT INTO icons VALUES (367,'fas fa-poo');
INSERT INTO icons VALUES (368,'fas fa-portrait');
INSERT INTO icons VALUES (369,'fas fa-pound-sign');
INSERT INTO icons VALUES (370,'fas fa-power-off');
INSERT INTO icons VALUES (371,'fas fa-prescription-bottle');
INSERT INTO icons VALUES (372,'fas fa-prescription-bottle-alt');
INSERT INTO icons VALUES (373,'fas fa-print');
INSERT INTO icons VALUES (374,'fas fa-procedures');
INSERT INTO icons VALUES (375,'fas fa-puzzle-piece');
INSERT INTO icons VALUES (376,'fas fa-qrcode');
INSERT INTO icons VALUES (377,'fas fa-question');
INSERT INTO icons VALUES (378,'fas fa-question-circle');
INSERT INTO icons VALUES (379,'fas fa-quidditch');
INSERT INTO icons VALUES (380,'fas fa-quote-left');
INSERT INTO icons VALUES (381,'fas fa-quote-right');
INSERT INTO icons VALUES (382,'fas fa-random');
INSERT INTO icons VALUES (383,'fas fa-recycle');
INSERT INTO icons VALUES (384,'fas fa-redo');
INSERT INTO icons VALUES (385,'fas fa-redo-alt');
INSERT INTO icons VALUES (386,'fas fa-registered');
INSERT INTO icons VALUES (387,'fas fa-reply');
INSERT INTO icons VALUES (388,'fas fa-reply-all');
INSERT INTO icons VALUES (389,'fas fa-retweet');
INSERT INTO icons VALUES (390,'fas fa-ribbon');
INSERT INTO icons VALUES (391,'fas fa-road');
INSERT INTO icons VALUES (392,'fas fa-rocket');
INSERT INTO icons VALUES (393,'fas fa-rss');
INSERT INTO icons VALUES (394,'fas fa-rss-square');
INSERT INTO icons VALUES (395,'fas fa-ruble-sign');
INSERT INTO icons VALUES (396,'fas fa-rupee-sign');
INSERT INTO icons VALUES (397,'fas fa-save');
INSERT INTO icons VALUES (398,'fas fa-search');
INSERT INTO icons VALUES (399,'fas fa-search-minus');
INSERT INTO icons VALUES (400,'fas fa-search-plus');
INSERT INTO icons VALUES (401,'fas fa-seedling');
INSERT INTO icons VALUES (402,'fas fa-server');
INSERT INTO icons VALUES (403,'fas fa-share');
INSERT INTO icons VALUES (404,'fas fa-share-alt');
INSERT INTO icons VALUES (405,'fas fa-share-alt-square');
INSERT INTO icons VALUES (406,'fas fa-share-square');
INSERT INTO icons VALUES (407,'fas fa-shekel-sign');
INSERT INTO icons VALUES (408,'fas fa-shield-alt');
INSERT INTO icons VALUES (409,'fas fa-ship');
INSERT INTO icons VALUES (410,'fas fa-shipping-fast');
INSERT INTO icons VALUES (411,'fas fa-shopping-bag');
INSERT INTO icons VALUES (412,'fas fa-shopping-basket');
INSERT INTO icons VALUES (413,'fas fa-shopping-cart');
INSERT INTO icons VALUES (414,'fas fa-shower');
INSERT INTO icons VALUES (415,'fas fa-sign');
INSERT INTO icons VALUES (416,'fas fa-sign-in-alt');
INSERT INTO icons VALUES (417,'fas fa-sign-language');
INSERT INTO icons VALUES (418,'fas fa-sign-out-alt');
INSERT INTO icons VALUES (419,'fas fa-signal');
INSERT INTO icons VALUES (420,'fas fa-sitemap');
INSERT INTO icons VALUES (421,'fas fa-sliders-h');
INSERT INTO icons VALUES (422,'fas fa-smile');
INSERT INTO icons VALUES (423,'fas fa-smoking');
INSERT INTO icons VALUES (424,'fas fa-snowflake');
INSERT INTO icons VALUES (425,'fas fa-sort');
INSERT INTO icons VALUES (426,'fas fa-sort-alpha-down');
INSERT INTO icons VALUES (427,'fas fa-sort-alpha-up');
INSERT INTO icons VALUES (428,'fas fa-sort-amount-down');
INSERT INTO icons VALUES (429,'fas fa-sort-amount-up');
INSERT INTO icons VALUES (430,'fas fa-sort-down');
INSERT INTO icons VALUES (431,'fas fa-sort-numeric-down');
INSERT INTO icons VALUES (432,'fas fa-sort-numeric-up');
INSERT INTO icons VALUES (433,'fas fa-sort-up');
INSERT INTO icons VALUES (434,'fas fa-space-shuttle');
INSERT INTO icons VALUES (435,'fas fa-spinner');
INSERT INTO icons VALUES (436,'fas fa-square');
INSERT INTO icons VALUES (437,'fas fa-square-full');
INSERT INTO icons VALUES (438,'fas fa-star');
INSERT INTO icons VALUES (439,'fas fa-star-half');
INSERT INTO icons VALUES (440,'fas fa-step-backward');
INSERT INTO icons VALUES (441,'fas fa-step-forward');
INSERT INTO icons VALUES (442,'fas fa-stethoscope');
INSERT INTO icons VALUES (443,'fas fa-sticky-note');
INSERT INTO icons VALUES (444,'fas fa-stop');
INSERT INTO icons VALUES (445,'fas fa-stop-circle');
INSERT INTO icons VALUES (446,'fas fa-stopwatch');
INSERT INTO icons VALUES (447,'fas fa-street-view');
INSERT INTO icons VALUES (448,'fas fa-strikethrough');
INSERT INTO icons VALUES (449,'fas fa-subscript');
INSERT INTO icons VALUES (450,'fas fa-subway');
INSERT INTO icons VALUES (451,'fas fa-suitcase');
INSERT INTO icons VALUES (452,'fas fa-sun');
INSERT INTO icons VALUES (453,'fas fa-superscript');
INSERT INTO icons VALUES (454,'fas fa-sync');
INSERT INTO icons VALUES (455,'fas fa-sync-alt');
INSERT INTO icons VALUES (456,'fas fa-syringe');
INSERT INTO icons VALUES (457,'fas fa-table');
INSERT INTO icons VALUES (458,'fas fa-table-tennis');
INSERT INTO icons VALUES (459,'fas fa-tablet');
INSERT INTO icons VALUES (460,'fas fa-tablet-alt');
INSERT INTO icons VALUES (461,'fas fa-tablets');
INSERT INTO icons VALUES (462,'fas fa-tachometer-alt');
INSERT INTO icons VALUES (463,'fas fa-tag');
INSERT INTO icons VALUES (464,'fas fa-tags');
INSERT INTO icons VALUES (465,'fas fa-tape');
INSERT INTO icons VALUES (466,'fas fa-tasks');
INSERT INTO icons VALUES (467,'fas fa-taxi');
INSERT INTO icons VALUES (468,'fas fa-terminal');
INSERT INTO icons VALUES (469,'fas fa-text-height');
INSERT INTO icons VALUES (470,'fas fa-text-width');
INSERT INTO icons VALUES (471,'fas fa-th');
INSERT INTO icons VALUES (472,'fas fa-th-large');
INSERT INTO icons VALUES (473,'fas fa-th-list');
INSERT INTO icons VALUES (474,'fas fa-thermometer');
INSERT INTO icons VALUES (475,'fas fa-thermometer-empty');
INSERT INTO icons VALUES (476,'fas fa-thermometer-full');
INSERT INTO icons VALUES (477,'fas fa-thermometer-half');
INSERT INTO icons VALUES (478,'fas fa-thermometer-quarter');
INSERT INTO icons VALUES (479,'fas fa-thermometer-three-quarters');
INSERT INTO icons VALUES (480,'fas fa-thumbs-down');
INSERT INTO icons VALUES (481,'fas fa-thumbs-up');
INSERT INTO icons VALUES (482,'fas fa-thumbtack');
INSERT INTO icons VALUES (483,'fas fa-ticket-alt');
INSERT INTO icons VALUES (484,'fas fa-times');
INSERT INTO icons VALUES (485,'fas fa-times-circle');
INSERT INTO icons VALUES (486,'fas fa-tint');
INSERT INTO icons VALUES (487,'fas fa-toggle-off');
INSERT INTO icons VALUES (488,'fas fa-toggle-on');
INSERT INTO icons VALUES (489,'fas fa-trademark');
INSERT INTO icons VALUES (490,'fas fa-train');
INSERT INTO icons VALUES (491,'fas fa-transgender');
INSERT INTO icons VALUES (492,'fas fa-transgender-alt');
INSERT INTO icons VALUES (493,'fas fa-trash');
INSERT INTO icons VALUES (494,'fas fa-trash-alt');
INSERT INTO icons VALUES (495,'fas fa-tree');
INSERT INTO icons VALUES (496,'fas fa-trophy');
INSERT INTO icons VALUES (497,'fas fa-truck');
INSERT INTO icons VALUES (498,'fas fa-truck-loading');
INSERT INTO icons VALUES (499,'fas fa-truck-moving');
INSERT INTO icons VALUES (500,'fas fa-tty');
INSERT INTO icons VALUES (501,'fas fa-tv');
INSERT INTO icons VALUES (502,'fas fa-umbrella');
INSERT INTO icons VALUES (503,'fas fa-underline');
INSERT INTO icons VALUES (504,'fas fa-undo');
INSERT INTO icons VALUES (505,'fas fa-undo-alt');
INSERT INTO icons VALUES (506,'fas fa-universal-access');
INSERT INTO icons VALUES (507,'fas fa-university');
INSERT INTO icons VALUES (508,'fas fa-unlink');
INSERT INTO icons VALUES (509,'fas fa-unlock');
INSERT INTO icons VALUES (510,'fas fa-unlock-alt');
INSERT INTO icons VALUES (511,'fas fa-upload');
INSERT INTO icons VALUES (512,'fas fa-user');
INSERT INTO icons VALUES (513,'fas fa-user-alt');
INSERT INTO icons VALUES (514,'fas fa-user-alt-slash');
INSERT INTO icons VALUES (515,'fas fa-user-astronaut');
INSERT INTO icons VALUES (516,'fas fa-user-check');
INSERT INTO icons VALUES (517,'fas fa-user-circle');
INSERT INTO icons VALUES (518,'fas fa-user-clock');
INSERT INTO icons VALUES (519,'fas fa-user-cog');
INSERT INTO icons VALUES (520,'fas fa-user-edit');
INSERT INTO icons VALUES (521,'fas fa-user-friends');
INSERT INTO icons VALUES (522,'fas fa-user-graduate');
INSERT INTO icons VALUES (523,'fas fa-user-lock');
INSERT INTO icons VALUES (524,'fas fa-user-md');
INSERT INTO icons VALUES (525,'fas fa-user-minus');
INSERT INTO icons VALUES (526,'fas fa-user-ninja');
INSERT INTO icons VALUES (527,'fas fa-user-plus');
INSERT INTO icons VALUES (528,'fas fa-user-secret');
INSERT INTO icons VALUES (529,'fas fa-user-shield');
INSERT INTO icons VALUES (530,'fas fa-user-slash');
INSERT INTO icons VALUES (531,'fas fa-user-tag');
INSERT INTO icons VALUES (532,'fas fa-user-tie');
INSERT INTO icons VALUES (533,'fas fa-user-times');
INSERT INTO icons VALUES (534,'fas fa-users');
INSERT INTO icons VALUES (535,'fas fa-users-cog');
INSERT INTO icons VALUES (536,'fas fa-utensil-spoon');
INSERT INTO icons VALUES (537,'fas fa-utensils');
INSERT INTO icons VALUES (538,'fas fa-venus');
INSERT INTO icons VALUES (539,'fas fa-venus-double');
INSERT INTO icons VALUES (540,'fas fa-venus-mars');
INSERT INTO icons VALUES (541,'fas fa-vial');
INSERT INTO icons VALUES (542,'fas fa-vials');
INSERT INTO icons VALUES (543,'fas fa-video');
INSERT INTO icons VALUES (544,'fas fa-video-slash');
INSERT INTO icons VALUES (545,'fas fa-volleyball-ball');
INSERT INTO icons VALUES (546,'fas fa-volume-down');
INSERT INTO icons VALUES (547,'fas fa-volume-off');
INSERT INTO icons VALUES (548,'fas fa-volume-up');
INSERT INTO icons VALUES (549,'fas fa-warehouse');
INSERT INTO icons VALUES (550,'fas fa-weight');
INSERT INTO icons VALUES (551,'fas fa-wheelchair');
INSERT INTO icons VALUES (552,'fas fa-wifi');
INSERT INTO icons VALUES (553,'fas fa-window-close');
INSERT INTO icons VALUES (554,'fas fa-window-maximize');
INSERT INTO icons VALUES (555,'fas fa-window-minimize');
INSERT INTO icons VALUES (556,'fas fa-window-restore');
INSERT INTO icons VALUES (557,'fas fa-wine-glass');
INSERT INTO icons VALUES (558,'fas fa-won-sign');
INSERT INTO icons VALUES (559,'fas fa-wrench');
INSERT INTO icons VALUES (560,'fas fa-x-ray');
INSERT INTO icons VALUES (561,'fas fa-yen-sign');

/*Silbernetz */
INSERT INTO `organizations`
(`id`, `name`, `lead_description`, `link`, `mail`, `telephone`, `location_name`, `zip`, `location`, `street`, `street_number`, `donate_link`, `user_id`, `created_at`, `updated_at`)
VALUES (1, 'Silbernetz', 'The network for lonely and isolated senior people Help-telphone, friendly turns, access point for local activities', 'https://www.silbernetz.org', 'silbernetz@hvb-bb.de', '030 2354 48 22', 'Silbernetz im HVD BB', '13353', 'Berlin', 'Sprengelstraße', '15', 'https://www.silbernetz.org', 1, now(), now())
;

INSERT INTO `services`
(`id`, `organization_id`, `icon_id`, `title`, `description`, `created_at`, `updated_at`)
VALUES (1,1,353, 'Emergency-Relief', 'Hotline: 0800 470 80 90 (free of costs); 24/7 confitential, anonymous, free of costs hotline; Finding og a "Silbernetz-Friend" possible; You can receive first support and get usefull information', now(), now()),
 (2,1,521, 'Silbernetz-Friend', 'making friends by a regular phone call; receiving information about local activities; Silbernetz-Friends support you first steps', now(), now()),
 (3,1,148, 'Local Cooperation', 'cooperation wirh supplier of regional and local services; providing information about local services; giving support for using regional services', now(), now())
;

/* Lorem */
INSERT INTO `organizations`
(`id`, `name`, `lead_description`, `link`, `mail`, `telephone`, `location_name`, `zip`, `location`, `street`, `street_number`, `donate_link`, `user_id`, `created_at`, `updated_at`)
VALUES (2, 'Lorem',
  'Lorem ipsum dolor sit amet, consectetur adipisicing elit, sed do eiusmod tempor incididunt ut labore et dolore magna aliqua. Ut enim ad minim veniam, quis nostrud exercitation ullamco laboris nisi ut aliquip ex ea commodo consequat. Duis aute irure dolor in reprehenderit in voluptate velit esse cillum dolore eu fugiat nulla pariatur. Excepteur sint occaecat cupidatat non proident, sunt in culpa qui officia deserunt mollit anim id est laborum.',
   'local.mingle.eu', 'lorem@ipsum.de', '0123 456789', 'Lorem Ipsum EV', '012345', 'Lorem City', 'Ipsum Street', '37a', 'local.mingle.eu', 1, now(), now())
;
INSERT INTO `services`
(`id`, `organization_id`, `icon_id`, `title`, `description`, `created_at`, `updated_at`)
VALUES (4,2,111, 'Lorem-Service', 'Lorem ipsum dolor sit amet, consectetur adipisicing elit, sed do eiusmod tempor incididunt ut labore et dolore magna aliqua.; Ut enim ad minim veniam, quis nostrud exercitation ullamco laboris nisi ut aliquip ex ea commodo consequat. Duis aute irure dolor in reprehenderit in voluptate velit esse cillum dolore eu fugiat nulla pariatur.; Excepteur sint occaecat cupidatat non proident, sunt in culpa qui officia deserunt mollit anim id est laborum.', now(), now()),
 (5,2,222, 'Ipsum-Service', 'Because sometimes Lorem is just not enough and you need Ipsum; We also offer you Ipsum, just ask', now(), now())
;
